extraction_pressure,temperature,ground_size,extraction_time,dose_size,cup_size,bean_type,blend_info,processing_method,acidity,strength,sweetness,fruitiness,maltiness
4.370861069626263,87.25143348549388,400,32.84063292308576,15.0,89.0,robusta,,honey,2.3826023683252484,4.688923459955686,4.8978126514011455,2.8155162856336,1.0
9.556428757689245,92.09128329011024,400,21.682799299900978,15.0,236.588,blend,,washed,8.32566122244741,6.599006654092426,2.309513291773922,4.421404357391548,6.664800241324197
7.587945476302646,89.51484784861061,400,23.232574281892276,15.761495300845974,236.588,arabica,,natural,5.968023803911329,5.509061693685745,3.0459289579431243,3.7547891375684155,3.8570662858312885
6.387926357773329,91.06856552931762,400,37.97108377054158,15.114628874208913,236.588,arabica,,washed,1.9512163757970717,4.500481704052634,8.349866717844396,3.8288359366792237,6.124231979717801
2.4041677639819286,94.26053179140874,400,32.1285811931918,16.160273010082477,236.588,arabica,,honey,5.987029796795146,1.0,6.5093984217770124,8.025779287971341,8.32186595047742
2.403950683025824,88.994337833191,400,20.183941032332594,22.473621426327668,354.882,arabica,,honey,6.329829565748614,3.678528468532669,1.8801318920042664,3.2209011222005834,4.008405222070178
1.5227525095137953,90.28306338428504,400,22.02943085732064,16.00903658380926,236.588,arabica,,honey,7.427650326564171,1.0,1.0,6.16945967403384,4.614442358031179
8.795585311974417,93.04440910834438,400,33.27003538216111,16.873019442266344,236.588,arabica,,washed,3.6050126184068376,6.501538827902296,5.530865421527448,5.783226047820284,7.58651971191372
6.41003510568888,88.83038532393297,400,20.101231676924375,15.0,236.588,arabica,,washed,7.829642959742422,4.704870705559864,1.0,2.7525529964649555,2.5531313017945103
7.372653200164409,87.61583927863035,400,23.216161028349973,15.0,89.0,robusta,"{'ethiopian': 26, 'brazilian': 19, 'robusta': 55}",washed,5.8749861394809235,5.674833483276192,1.1249769823697333,3.3510095441874106,1.0
1.185260448662222,89.31801162331014,400,30.974675787331723,16.161897939783252,236.588,blend,,washed,4.0999350309057725,2.716505569949909,4.386430380734851,4.236911998652847,4.0193483682048665
9.72918866945795,88.28977029803204,400,33.83790395385387,15.0,89.0,arabica,,honey,3.3002560763449655,6.28413003592596,6.442260621237819,1.0,2.4876505688802455
8.491983767203795,94.43758121874059,400,33.03922519005201,15.0,89.0,robusta,,honey,6.922637738586853,7.211072919996326,7.46831138759682,6.47800529145666,8.722298421212637
2.9110519961044856,93.46496303651534,400,24.485386189211198,23.429386049136827,354.882,robusta,,natural,8.611348343758365,5.072006013990906,3.182791503593074,8.42327519387598,7.625544030047952
2.636424704863906,92.06723005208339,400,34.24358442695072,23.250102834616403,354.882,blend,,natural,2.744759469845226,4.953546667495708,6.283637376404575,8.105882345008498,6.532741458948748
2.650640588680904,93.97168472150175,400,24.744981749936002,15.881703054811483,236.588,arabica,,washed,6.994536514426713,2.8887894493673576,4.3981732956486645,7.571975166187745,9.677656074334159
3.7381801866358395,93.42937661519292,400,26.507993963185356,16.219742401940458,236.588,blend,,honey,6.70431660412424,2.1491357920963132,4.817046098373807,8.143275309147276,8.103253016410235
5.72280788469014,88.49256047108828,400,34.92982810236048,15.0,89.0,arabica,"{'ethiopian': 29, 'colombian': 71}",honey,2.3182428915124103,4.580999366377295,6.394009308277949,3.136416060950718,1.9275590534152645
4.887505167779041,94.14047198791982,400,32.992657980944294,15.0,89.0,robusta,,honey,5.913011491748575,3.7555463518376935,8.454203970729818,7.16747972002914,8.91015945436683
3.6210622617823773,91.31473793532521,400,36.98446820988356,15.0,89.0,robusta,,natural,2.4106109701671685,3.1140460427135306,7.335683137882518,6.571386543551558,5.717718392367028
6.506676052501415,93.4595212413125,400,33.15225784600687,15.182288382899225,236.588,robusta,,natural,5.292694914133969,5.147454112179598,6.051324295896235,6.8535275663738995,6.918518075005778
2.2554447458683766,94.16873039938794,400,31.36617206670943,15.186110260028945,236.588,robusta,,honey,5.445445425153066,3.996072066305283,6.082233421986574,6.88697058262273,9.037674266052527
3.629301836816963,89.54402779977491,400,21.87349535656185,16.68178844063528,236.588,blend,,honey,6.345927955554367,2.6931188164945197,1.4108107117884487,5.8648606751326735,3.7465640096424337
4.297256589643226,87.88041539622141,400,27.35431606118867,15.0,89.0,arabica,,honey,3.268186390516299,2.6636103601984207,3.3825067704214384,4.4171621954937486,2.338570503155794
5.104629857953324,88.82348130033553,400,25.30404735363451,25.0,354.882,arabica,,natural,4.711732263951289,6.914811507424334,2.4768788710141694,3.072300886321821,3.9758945103501437
8.066583652537123,90.41686230901006,400,24.87979286758167,15.669057214546248,236.588,blend,"{'robusta': 27, 'brazilian': 29, 'colombian': 44}",honey,5.250176582316079,5.705711332473181,3.1377899280552257,4.021721003116744,5.4072526124101925
2.7970640394252375,93.54411812737995,400,39.46021109504891,15.896461081247757,236.588,arabica,,honey,2.4856707437901053,1.7786335298854816,8.82242021381706,8.043820646410474,8.227688548025023
5.628109945722504,93.88584466605074,400,27.861954493335208,15.0,236.588,robusta,,washed,7.7937141675629675,5.263289843250025,6.028057208408618,7.11054413176983,8.193312294936252
6.331731119758382,87.05561704424953,400,37.84093110354227,16.092418399343032,236.588,arabica,,washed,1.0,6.412830179241718,7.199019339472667,1.5089643364691505,2.3492490764056515
1.4180537144799796,91.08597842062052,400,32.62277251994526,15.0,89.0,robusta,,natural,6.24504624501895,1.0,6.982818967781509,5.8391416198877435,5.6263349402053295
6.467903667112945,90.33928802519023,400,35.89622607083297,16.560848068354925,236.588,blend,,honey,3.2361695515526256,4.5862744758992005,7.5859966572572635,4.155045143848683,4.76366367429548
2.5347171131856236,88.77686248376584,400,30.052741862103844,15.241105193696528,236.588,arabica,"{'ethiopian': 26, 'robusta': 41, 'colombian': 33}",honey,4.079000844635306,2.373108132016211,4.86606481938188,5.455025052931946,2.9869077506815676
1.5854643368675156,87.95892293866946,400,31.53807769252718,15.0,89.0,blend,"{'colombian': 35, 'robusta': 29, 'arabica': 36}",washed,2.4356716169378565,1.0,5.324488239824607,4.682889335243294,2.1778306863870696
9.539969835279999,89.70092137122903,400,29.850353876377277,15.0,89.0,arabica,,natural,4.967707228244274,7.665714770593932,5.027990580137059,2.374103100253986,3.966356336670686
9.690688297671034,94.54327763130016,400,23.90485975596089,15.0,89.0,robusta,,washed,8.062456423681276,7.3768397041817435,4.056122422358465,6.608140388773984,9.199356331772558
8.275576133048151,89.58562345616605,400,34.44904230523011,15.0,89.0,blend,"{'colombian': 11, 'ethiopian': 20, 'robusta': 69}",washed,3.0472617909341873,4.715488632211463,7.461851165906378,1.0,3.6353969175666068
3.741523922560336,91.15032497394692,400,25.615447248817116,25.0,354.882,arabica,,washed,8.383475389004037,7.923206019513337,3.529995518997083,6.6443393381144595,5.652738960582289
1.8790490260574548,92.62415167116143,400,20.486319328629076,15.123512707121009,236.588,robusta,,washed,8.599541255717094,3.075976330840378,2.1924097427491542,5.820388892145193,7.055458244489724
7.158097238609412,89.90903681903436,400,32.909445918143355,15.350412887767344,236.588,blend,,honey,4.465923428386939,4.854717324208604,5.963239411981997,3.337299689574238,3.9162435300750675
4.961372443656412,94.77425666176768,400,23.542213588140978,15.0,89.0,blend,,honey,8.183003689045393,3.293378449402094,4.51126774966606,6.766313887877388,9.799253858334588
2.0983441136030097,94.69957835953689,400,38.80917168705828,16.696783296083492,236.588,arabica,,washed,3.948677635240398,2.4175667318615197,9.260305729651805,7.544154654112375,9.53453704576857
5.456592191001432,89.01425836660292,400,39.07857154005175,15.0,236.588,arabica,,natural,2.6257599382400443,4.337409884333646,9.507341940372353,4.608599123746535,4.018037156719625
1.3094966900369656,90.97798804713908,400,38.29728780440897,15.0,89.0,arabica,,natural,1.925354800248813,1.5427165988828462,8.475186865261522,5.976650078912366,4.1497516488349575
9.18388361870904,89.40702647853416,400,27.403174005108887,16.049347891224713,236.588,robusta,,natural,6.446233200459086,9.07739009969521,2.682280469226856,2.907585000099152,4.253658214312165
3.3290198344001523,89.27872395501974,400,20.30913233057735,15.141051422303963,236.588,arabica,"{'robusta': 36, 'arabica': 64}",natural,7.724961863504349,2.323683518731433,1.0,4.484594996508308,4.186607045646025
6.962700559185838,87.29509557883627,400,38.566371251754504,15.0,236.588,blend,,washed,1.0,4.404750012234114,7.153081524884174,2.334719893904576,1.0
3.8053996848046987,91.87651467183917,400,28.563682966346285,15.0,236.588,blend,"{'colombian': 19, 'arabica': 27, 'ethiopian': 54}",honey,6.320709672825316,1.50430893079908,5.360561490128914,6.203036065430409,6.314735208778897
5.680612190600297,91.02143218583089,400,39.33309638087339,15.0,89.0,arabica,,natural,2.860702749729092,3.5101167132174034,8.493060112709944,3.816037339896087,5.338390776061854
5.920392514089517,87.41183000999992,400,39.272399541785056,16.03712540594999,236.588,arabica,"{'brazilian': 60, 'colombian': 40}",washed,1.0,4.72792402649935,7.630558009757723,3.2142952747607656,1.0
2.6636900997297435,89.2291717138929,400,37.060189109347206,16.699934782406856,236.588,blend,,natural,1.0,4.2494249975601495,6.246737568940138,4.296344474269923,3.11890983433407
9.726261649881026,94.26612708773322,400,25.888977841391714,15.210462304336351,236.588,robusta,,natural,7.204196164986288,6.809337568833382,4.045682597346268,4.417413436917175,8.619105050966963
7.976195410250031,88.91649512533579,400,27.701954572038506,23.47598701223241,354.882,arabica,,washed,4.53594689284246,9.280988679164325,1.998376961278634,2.323242428988089,4.03219223771457
9.455490474077703,88.15915897672978,400,37.02273343033714,15.933521364617478,236.588,arabica,,honey,1.4396808283985014,7.345009405935507,6.148666042495407,2.948011699429405,2.7718930453947386
9.053446153848839,90.91562208222051,400,26.338440103125553,15.0,89.0,blend,,honey,6.5537820277480785,7.820912040725821,4.141963692977699,4.413590974473645,6.040852389995152
6.381099809299767,94.88520363288481,400,23.38985493372185,15.0,89.0,arabica,"{'colombian': 35, 'brazilian': 65}",washed,8.961689601670164,7.074682552329658,4.036381516373435,7.015682667531794,10.0
9.296868115208051,88.936442172092,400,31.136025249167005,15.78805803753022,236.588,robusta,,honey,2.64443486149446,6.691957394571104,5.328189611483572,1.9529249492142056,2.613971557994886
1.7964325184672756,92.37708437924702,400,38.723095483215616,15.0,89.0,blend,,washed,3.2198064662759402,1.0,8.399558176389444,6.89128088688158,6.786959793513014
2.763845761772307,93.09295692262974,400,33.920595933499456,15.838716695047962,236.588,arabica,,washed,5.21280627485508,3.3020864769738765,7.264816282558437,9.098996738705731,8.099263818572416
1.4070456001948426,88.90110035193919,400,31.4012234017873,25.0,354.882,blend,,washed,4.009582783109908,5.3716046637690065,5.135840519139206,5.249697311643776,2.527673991485618
3.927972976869379,92.82573078889487,400,21.943529875415372,16.617084660877765,236.588,arabica,,honey,9.151595610873697,5.211398018401713,1.574616866297653,7.111681744105517,7.910446352592926
4.498095607205338,89.94226506175403,400,32.3001445339834,16.620100284641005,236.588,arabica,,washed,4.426005170960973,4.459439403038123,6.803414852372898,5.458891030658869,4.189885495394215
3.442141285965063,92.05844664474864,400,39.801077002085265,15.464864388324552,236.588,arabica,,natural,2.800194134001195,2.358857691089372,10.0,6.5898954802996315,6.503342071567424
8.458637582367365,92.06823768608716,400,22.801680304730482,15.271535582842906,236.588,robusta,,honey,7.646792349898029,6.920054162492059,2.35280319690627,4.456950505248481,7.057247380949799
4.210779940242304,91.28619747259806,400,30.366593047274733,15.599135907046238,236.588,robusta,"{'arabica': 34, 'brazilian': 35, 'ethiopian': 31}",honey,3.719355454051288,4.353515048126713,5.382134875061877,5.427655380227581,6.044103812415839
3.5284105871864266,87.72231816043526,400,37.54746143855911,22.285500461051374,354.882,blend,,honey,1.464434687236015,6.07166491474853,7.457084139784502,3.3316092798231303,1.6321248475801329
5.884264748424236,93.6824199647139,400,34.81537235508409,16.040145887907887,236.588,arabica,"{'arabica': 27, 'robusta': 73}",honey,4.898416691506487,5.20656648725285,6.437825341591904,6.629466736727138,9.097387361985263
2.2683180247728636,89.56624051977388,400,33.94031481990536,24.35465441107679,354.882,arabica,,natural,3.310916899235121,6.133074492637216,6.1825934050746225,5.705314980998978,3.3464889209456716
8.219772826786357,88.49214808319883,400,34.049681679742186,22.550519744272272,354.882,robusta,,honey,1.5838512671736225,10.0,5.641710083689267,2.3601093298819995,2.986634397070813
1.6709557931179373,87.32620113243811,400,27.189823024395103,15.0,89.0,arabica,,honey,3.3136487451249117,2.488208827372739,2.3226148238129274,4.382730232098369,1.6635269029770712
9.881982429404655,91.72714354550594,400,25.871836885289866,15.0,89.0,robusta,,washed,7.407870828355375,7.935875814152247,3.4669844482077594,3.889764087732698,6.163263269037186
7.9502029236699165,92.42051489473826,400,36.18722310957027,15.0,89.0,arabica,"{'colombian': 32, 'brazilian': 68}",honey,3.6990805265121884,5.73150704626891,9.253050129791268,5.159964554321195,7.261145767701603
2.7884411338075514,87.13270263142284,400,36.20226789358362,15.0,89.0,blend,,natural,1.8012644574967358,2.1694383813098512,7.043713212300846,1.535524884527473,1.0
1.0496990541124216,91.09674446639424,400,37.341446371602075,15.0,89.0,arabica,,natural,2.781637395131839,1.8602449935892982,7.759476661878192,7.329031660914841,6.070851034296973
8.339152856093508,88.8119662015835,400,38.26481105112943,15.0,236.588,arabica,"{'brazilian': 42, 'robusta': 15, 'arabica': 43}",natural,1.4389417137047456,5.4153499947513195,8.290234328466985,2.7895395851455476,2.946010908559945
7.361716094628554,92.1613823232756,400,30.226847977218757,15.0,89.0,robusta,,natural,6.175172172046269,5.7921902098505775,6.49169581641779,5.969421474948091,6.545193603425534
7.561064512368886,88.39493143203993,400,30.030325893743992,15.0,236.588,arabica,,honey,3.3677410094896647,5.229689460078984,5.07031768010084,1.0,3.0938024739633607
7.941433120173512,92.52750190481973,400,35.9659035793355,25.0,354.882,arabica,"{'robusta': 17, 'colombian': 60, 'arabica': 23}",honey,3.921782129760688,9.64204489029538,8.015275904050295,6.953086929948737,6.866267797650816
1.6664018656068134,90.09388277040429,400,32.999278615555305,15.0,89.0,robusta,,natural,3.279368894631392,2.3879909657368144,5.672517786989992,5.530739890223259,3.776387468523049
4.226191556898454,94.49383990989388,400,34.03933754515407,22.26556203719469,354.882,blend,"{'ethiopian': 81, 'arabica': 19}",natural,5.01817220445648,5.997788893184137,8.197543379570714,8.729240469390714,8.652255311868661
2.0428215357261674,88.10016755316795,400,35.91585338872202,15.0,89.0,blend,"{'robusta': 45, 'ethiopian': 55}",honey,1.5729781571106276,1.5189595194093797,7.021896917031713,3.270276544046842,2.540693472986763
8.767930832880342,89.72853080840207,400,37.800106836351326,15.0,89.0,robusta,,natural,2.155703519077881,5.22873324102573,8.568125366108234,3.496956016568058,3.4293824832041873
6.609683141448022,87.90778816992471,400,26.759903137030715,15.371343943354237,236.588,robusta,,washed,4.181014249920112,5.721698508382726,3.4137438908285223,1.5665859430844566,2.898658782157486
3.9780822236738427,94.3975489462285,400,27.51165905279888,15.86871666172586,236.588,robusta,,natural,8.29507400382084,3.847950331809771,5.7574154113236045,7.268538924740122,8.281277860565197
1.5720251525742128,94.01871482704784,400,21.87963879681738,23.263146361783512,354.882,robusta,,natural,8.198659382711837,6.229177453596701,2.293688947404466,10.0,9.744282364573845
3.79884089544096,89.06353302172124,400,31.56560281992348,15.597191141463261,236.588,robusta,,washed,3.457489523913316,2.7227631353668693,6.141060953802705,4.05414130928369,3.426983383037706
3.9266498982407234,92.27987236827343,400,20.71884547593484,22.45759416080499,354.882,blend,,washed,8.102819202312743,5.871973813531105,1.8473595988304918,6.55741416297286,6.891499858372413
7.566455605042576,93.53777760160973,400,29.311960362649202,15.0,89.0,blend,"{'colombian': 44, 'brazilian': 44, 'robusta': 12}",honey,7.488300961632383,5.83373545769689,6.950451853524919,6.730876776993941,8.082540258406475
6.738017242196918,91.4416064927957,400,30.85289269415153,15.0,89.0,robusta,,honey,5.075538668435233,6.454850223128731,5.136936576184034,5.261455342298803,6.196375361571198
8.98491468318694,91.23720462684805,400,25.730825042565687,15.0,236.588,arabica,,washed,7.2079717656307025,6.571329636008668,4.642755536510961,4.058933371514893,5.7480378539916375
5.249934326457543,88.93481832720362,400,31.816665211380215,22.48860175781078,354.882,robusta,,washed,2.317446318088573,6.927737880043006,5.450194626643203,3.9449858221418683,3.7283215591123278
2.0763482134447155,87.74482214244719,400,20.610004998780987,23.799513025287997,354.882,arabica,"{'ethiopian': 39, 'arabica': 61}",honey,6.58101953162456,5.354102590305746,1.0,5.957720834486336,1.8950387345841098
7.419203085006955,94.17772606362661,400,20.746963774984287,15.52387684620195,236.588,robusta,,natural,10.0,5.860784560938282,1.9113638169740796,6.426025082257556,9.150092702310873
7.847065437552077,94.20334445730664,400,36.45201121319317,16.255023204864145,236.588,robusta,,washed,4.5374060316543545,5.8623769219322766,8.409364140496482,6.51835167040004,8.921956408363044
6.051494778125466,92.06481165818614,400,27.20381282822526,16.456873412599244,236.588,blend,,honey,7.162415319835324,5.194701875673734,4.577102340846103,6.396144501192164,6.669440303598879
7.938704619591049,89.7122383283896,400,22.541210253037697,15.849247059836314,236.588,arabica,,natural,6.290382825199377,7.198362374518008,2.112512617462152,4.190175527675221,4.205169003884333
5.444160367279517,89.79367659690129,400,30.444865201096086,24.130627025278862,354.882,arabica,,washed,5.374572839199914,6.467170156337137,4.603043012214446,5.167945379645,3.287801975185641
5.704595464437946,92.80764543096191,400,35.39987106197222,23.397817277436335,354.882,blend,,natural,5.927419296023998,7.470475063425103,7.804327474962226,6.67047556672059,6.859508398779295
4.847869165226946,94.17688207962061,400,24.316420549936865,16.713539863755877,236.588,blend,,honey,7.92989739153303,3.5568233938919622,5.139431773230192,6.376876784095201,9.445624386584546
1.2287721406968566,94.09669139412094,400,32.45780951638,15.0,236.588,blend,,washed,5.314171663959868,1.9832845205064693,8.144420595247055,9.930868985340224,9.069210537450026
1.97102284293974,93.239004366861,400,21.70694929987536,15.0,236.588,blend,,natural,9.703878733638602,1.0,2.67019769509891,6.7161320430598686,7.9268882445422815
